------ CLIENTE

INSERT INTO Cliente([CODIGOCLIENTE],[RUC],[NOMBRECLIENTE],[Telefono],[Correo],[VENDEDORAsociado]) VALUES(1000,'09285','Whoopi Horn','0800 184 1878','sed.tortor@nonlaciniaat.com',2);
INSERT INTO Cliente([CODIGOCLIENTE],[RUC],[NOMBRECLIENTE],[Telefono],[Correo],[VENDEDORAsociado]) VALUES(1001,'33004','Rhiannon Miranda','056 7025 1379','Donec.tincidunt.Donec@tortoratrisus.ca',2);
INSERT INTO Cliente([CODIGOCLIENTE],[RUC],[NOMBRECLIENTE],[Telefono],[Correo],[VENDEDORAsociado]) VALUES(1002,'35784','Magee Skinner','070 2936 1029','Morbi@inaliquet.edu',2);
INSERT INTO Cliente([CODIGOCLIENTE],[RUC],[NOMBRECLIENTE],[Telefono],[Correo],[VENDEDORAsociado]) VALUES(1003,'75546','Chaney Kramer','0986 222 5476','consectetuer@euturpisNulla.ca',1);
INSERT INTO Cliente([CODIGOCLIENTE],[RUC],[NOMBRECLIENTE],[Telefono],[Correo],[VENDEDORAsociado]) VALUES(1004,'48994','Faith Ferrell','076 5106 7798','sem@sem.com',1);
INSERT INTO Cliente([CODIGOCLIENTE],[RUC],[NOMBRECLIENTE],[Telefono],[Correo],[VENDEDORAsociado]) VALUES(1005,'48087','Idola Alvarez','(0115) 844 6306','risus@Morbiaccumsanlaoreet.edu',2);
INSERT INTO Cliente([CODIGOCLIENTE],[RUC],[NOMBRECLIENTE],[Telefono],[Correo],[VENDEDORAsociado]) VALUES(1006,'75328','Darryl Best','(016977) 8943','Mauris@ametdiameu.net',1);
INSERT INTO Cliente([CODIGOCLIENTE],[RUC],[NOMBRECLIENTE],[Telefono],[Correo],[VENDEDORAsociado]) VALUES(1007,'97292','Gary Rasmussen','(012669) 94698','tortor.at.risus@feugiat.edu',2);
INSERT INTO Cliente([CODIGOCLIENTE],[RUC],[NOMBRECLIENTE],[Telefono],[Correo],[VENDEDORAsociado]) VALUES(1008,'07653','Clio Andrews','0500 735133','Sed@tellusidnunc.ca',1);
INSERT INTO Cliente([CODIGOCLIENTE],[RUC],[NOMBRECLIENTE],[Telefono],[Correo],[VENDEDORAsociado]) VALUES(1009,'78919','Bradley Weeks','076 4801 0275','id@sed.com',2);
INSERT INTO Cliente([CODIGOCLIENTE],[RUC],[NOMBRECLIENTE],[Telefono],[Correo],[VENDEDORAsociado]) VALUES(1010,'63099','Dana Wilder','0800 812313','blandit.viverra@IntegermollisInteger.co.uk',2);
INSERT INTO Cliente([CODIGOCLIENTE],[RUC],[NOMBRECLIENTE],[Telefono],[Correo],[VENDEDORAsociado]) VALUES(1011,'95819','Ishmael Haney','0800 1111','et.ultrices.posuere@parturientmontesnascetur.com',2);
INSERT INTO Cliente([CODIGOCLIENTE],[RUC],[NOMBRECLIENTE],[Telefono],[Correo],[VENDEDORAsociado]) VALUES(1012,'76334','Laura Daniel','(01132) 01398','mauris.blandit.mattis@eleifend.edu',1);
INSERT INTO Cliente([CODIGOCLIENTE],[RUC],[NOMBRECLIENTE],[Telefono],[Correo],[VENDEDORAsociado]) VALUES(1013,'88227','Nola Levy','0984 172 9372','nec@felispurus.edu',2);
INSERT INTO Cliente([CODIGOCLIENTE],[RUC],[NOMBRECLIENTE],[Telefono],[Correo],[VENDEDORAsociado]) VALUES(1014,'52300','Josiah Horne','07132 356628','Aenean.eget@sem.com',1);
INSERT INTO Cliente([CODIGOCLIENTE],[RUC],[NOMBRECLIENTE],[Telefono],[Correo],[VENDEDORAsociado]) VALUES(1015,'85443','Gage Mercer','056 6251 2394','elit@portaelit.com',1);
INSERT INTO Cliente([CODIGOCLIENTE],[RUC],[NOMBRECLIENTE],[Telefono],[Correo],[VENDEDORAsociado]) VALUES(1016,'03010','Price Contreras','07476 565453','Quisque@QuisquevariusNam.edu',2);
INSERT INTO Cliente([CODIGOCLIENTE],[RUC],[NOMBRECLIENTE],[Telefono],[Correo],[VENDEDORAsociado]) VALUES(1017,'02690','Britanni Maxwell','07624 810394','malesuada@venenatisa.com',1);
INSERT INTO Cliente([CODIGOCLIENTE],[RUC],[NOMBRECLIENTE],[Telefono],[Correo],[VENDEDORAsociado]) VALUES(1018,'03380','Lois Conway','070 1287 6922','risus.Nulla@dignissimMaecenas.org',2);
INSERT INTO Cliente([CODIGOCLIENTE],[RUC],[NOMBRECLIENTE],[Telefono],[Correo],[VENDEDORAsociado]) VALUES(1019,'43708','Lila Cash','07624 833080','amet.ante@arcuMorbi.edu',2);
INSERT INTO Cliente([CODIGOCLIENTE],[RUC],[NOMBRECLIENTE],[Telefono],[Correo],[VENDEDORAsociado]) VALUES(1020,'67215','Kerry Savage','056 0493 0936','consectetuer@purusDuiselementum.com',2);
INSERT INTO Cliente([CODIGOCLIENTE],[RUC],[NOMBRECLIENTE],[Telefono],[Correo],[VENDEDORAsociado]) VALUES(1021,'12141','Nicole Dyer','0845 46 42','sed.hendrerit.a@sit.ca',1);
INSERT INTO Cliente([CODIGOCLIENTE],[RUC],[NOMBRECLIENTE],[Telefono],[Correo],[VENDEDORAsociado]) VALUES(1022,'40364','Geraldine Montoya','0800 862 4316','mauris.blandit.mattis@faucibusleo.ca',1);
INSERT INTO Cliente([CODIGOCLIENTE],[RUC],[NOMBRECLIENTE],[Telefono],[Correo],[VENDEDORAsociado]) VALUES(1023,'74364','Laith Stevens','055 7374 0920','magna@consequat.com',2);
INSERT INTO Cliente([CODIGOCLIENTE],[RUC],[NOMBRECLIENTE],[Telefono],[Correo],[VENDEDORAsociado]) VALUES(1024,'58949','Chiquita Wolf','(0117) 684 4174','Integer.eu.lacus@risusMorbi.co.uk',2);
INSERT INTO Cliente([CODIGOCLIENTE],[RUC],[NOMBRECLIENTE],[Telefono],[Correo],[VENDEDORAsociado]) VALUES(1025,'94891','Medge Mcdaniel','(01754) 107972','facilisis.Suspendisse.commodo@malesuadaIntegerid.co.uk',1);
INSERT INTO Cliente([CODIGOCLIENTE],[RUC],[NOMBRECLIENTE],[Telefono],[Correo],[VENDEDORAsociado]) VALUES(1026,'93228','Raven Clay','07729 140497','arcu@tinciduntvehicularisus.net',1);
INSERT INTO Cliente([CODIGOCLIENTE],[RUC],[NOMBRECLIENTE],[Telefono],[Correo],[VENDEDORAsociado]) VALUES(1027,'15153','Acton Daniel','(01630) 09950','Fusce.mollis@ac.ca',1);
INSERT INTO Cliente([CODIGOCLIENTE],[RUC],[NOMBRECLIENTE],[Telefono],[Correo],[VENDEDORAsociado]) VALUES(1028,'46320','Fulton Baird','0800 1111','in@diamSeddiam.net',2);
INSERT INTO Cliente([CODIGOCLIENTE],[RUC],[NOMBRECLIENTE],[Telefono],[Correo],[VENDEDORAsociado]) VALUES(1029,'24470','Elliott Phillips','0500 349589','ipsum@magnaLorem.co.uk',2);
INSERT INTO Cliente([CODIGOCLIENTE],[RUC],[NOMBRECLIENTE],[Telefono],[Correo],[VENDEDORAsociado]) VALUES(1030,'26120','Abbot Dejesus','0845 46 46','et.euismod.et@malesuada.net',2);
INSERT INTO Cliente([CODIGOCLIENTE],[RUC],[NOMBRECLIENTE],[Telefono],[Correo],[VENDEDORAsociado]) VALUES(1031,'72797','Zephr Tyler','07624 985498','aliquet.sem@Namligulaelit.edu',2);
INSERT INTO Cliente([CODIGOCLIENTE],[RUC],[NOMBRECLIENTE],[Telefono],[Correo],[VENDEDORAsociado]) VALUES(1032,'71916','Chastity Beach','07473 238820','metus.In@a.ca',2);
INSERT INTO Cliente([CODIGOCLIENTE],[RUC],[NOMBRECLIENTE],[Telefono],[Correo],[VENDEDORAsociado]) VALUES(1033,'94795','Vincent Lucas','(0151) 352 2161','Vivamus.rhoncus.Donec@atpretium.co.uk',1);
INSERT INTO Cliente([CODIGOCLIENTE],[RUC],[NOMBRECLIENTE],[Telefono],[Correo],[VENDEDORAsociado]) VALUES(1034,'20882','Germane Lee','(0101) 063 5318','tincidunt@in.edu',1);
INSERT INTO Cliente([CODIGOCLIENTE],[RUC],[NOMBRECLIENTE],[Telefono],[Correo],[VENDEDORAsociado]) VALUES(1035,'87273','Emerald Stephenson','(026) 8445 2860','suscipit.nonummy@apurusDuis.com',2);
INSERT INTO Cliente([CODIGOCLIENTE],[RUC],[NOMBRECLIENTE],[Telefono],[Correo],[VENDEDORAsociado]) VALUES(1036,'38966','Carol Hammond','0800 519547','volutpat.ornare.facilisis@lobortis.net',2);
INSERT INTO Cliente([CODIGOCLIENTE],[RUC],[NOMBRECLIENTE],[Telefono],[Correo],[VENDEDORAsociado]) VALUES(1037,'79476','Tucker Hicks','0500 457942','tellus.imperdiet@Maurisnondui.co.uk',2);
INSERT INTO Cliente([CODIGOCLIENTE],[RUC],[NOMBRECLIENTE],[Telefono],[Correo],[VENDEDORAsociado]) VALUES(1038,'34855','Kuame Austin','07624 548938','et.eros@FuscefeugiatLorem.edu',1);
INSERT INTO Cliente([CODIGOCLIENTE],[RUC],[NOMBRECLIENTE],[Telefono],[Correo],[VENDEDORAsociado]) VALUES(1039,'56014','Lani Mcdaniel','0845 46 44','Quisque.tincidunt.pede@nonhendrerit.com',2);
INSERT INTO Cliente([CODIGOCLIENTE],[RUC],[NOMBRECLIENTE],[Telefono],[Correo],[VENDEDORAsociado]) VALUES(1040,'60273','Bert Silva','0301 882 2001','gravida.molestie.arcu@ligula.org',2);
INSERT INTO Cliente([CODIGOCLIENTE],[RUC],[NOMBRECLIENTE],[Telefono],[Correo],[VENDEDORAsociado]) VALUES(1041,'31088','Lucas Lewis','07624 466419','fringilla@euismodacfermentum.com',2);
INSERT INTO Cliente([CODIGOCLIENTE],[RUC],[NOMBRECLIENTE],[Telefono],[Correo],[VENDEDORAsociado]) VALUES(1042,'71833','Ingrid Chase','(016977) 0981','nulla.Integer.urna@Sedet.net',1);
INSERT INTO Cliente([CODIGOCLIENTE],[RUC],[NOMBRECLIENTE],[Telefono],[Correo],[VENDEDORAsociado]) VALUES(1043,'13363','Benjamin Conrad','(01700) 736999','est@magnis.ca',1);
INSERT INTO Cliente([CODIGOCLIENTE],[RUC],[NOMBRECLIENTE],[Telefono],[Correo],[VENDEDORAsociado]) VALUES(1044,'08056','Graiden Young','0800 137 3852','Cras.sed@non.co.uk',2);
INSERT INTO Cliente([CODIGOCLIENTE],[RUC],[NOMBRECLIENTE],[Telefono],[Correo],[VENDEDORAsociado]) VALUES(1045,'14239','Zachery Alvarado','070 4780 9277','auctor.nunc.nulla@massalobortis.net',1);
INSERT INTO Cliente([CODIGOCLIENTE],[RUC],[NOMBRECLIENTE],[Telefono],[Correo],[VENDEDORAsociado]) VALUES(1046,'01690','Emi Parks','0365 213 3848','commodo.at.libero@metussitamet.ca',1);
INSERT INTO Cliente([CODIGOCLIENTE],[RUC],[NOMBRECLIENTE],[Telefono],[Correo],[VENDEDORAsociado]) VALUES(1047,'85029','Nasim Hendricks','(010319) 52434','arcu.Vivamus.sit@porttitorinterdum.com',1);
INSERT INTO Cliente([CODIGOCLIENTE],[RUC],[NOMBRECLIENTE],[Telefono],[Correo],[VENDEDORAsociado]) VALUES(1048,'17168','Hayes Spence','(016977) 3176','Duis@Nullaeget.edu',1);
INSERT INTO Cliente([CODIGOCLIENTE],[RUC],[NOMBRECLIENTE],[Telefono],[Correo],[VENDEDORAsociado]) VALUES(1049,'81808','Magee Davenport','070 7376 3039','adipiscing@elementumlorem.org',2);
INSERT INTO Cliente([CODIGOCLIENTE],[RUC],[NOMBRECLIENTE],[Telefono],[Correo],[VENDEDORAsociado]) VALUES(1050,'83375','Catherine Whitehead','0800 1111','auctor@lacusAliquam.net',1);
INSERT INTO Cliente([CODIGOCLIENTE],[RUC],[NOMBRECLIENTE],[Telefono],[Correo],[VENDEDORAsociado]) VALUES(1051,'10848','Bo Cochran','0388 972 4268','eros.Proin.ultrices@ipsumdolor.org',1);
INSERT INTO Cliente([CODIGOCLIENTE],[RUC],[NOMBRECLIENTE],[Telefono],[Correo],[VENDEDORAsociado]) VALUES(1052,'31432','Simone Jacobs','0800 160 3996','ipsum.ac.mi@lacus.ca',1);
INSERT INTO Cliente([CODIGOCLIENTE],[RUC],[NOMBRECLIENTE],[Telefono],[Correo],[VENDEDORAsociado]) VALUES(1053,'34559','Blaze Huff','(028) 8582 5480','fermentum@velvenenatis.edu',1);
INSERT INTO Cliente([CODIGOCLIENTE],[RUC],[NOMBRECLIENTE],[Telefono],[Correo],[VENDEDORAsociado]) VALUES(1054,'63057','Ashely Head','0800 814458','erat.eget@miloremvehicula.co.uk',2);
INSERT INTO Cliente([CODIGOCLIENTE],[RUC],[NOMBRECLIENTE],[Telefono],[Correo],[VENDEDORAsociado]) VALUES(1055,'44850','Noelani Gentry','076 8844 8698','Nulla.facilisi@ametconsectetueradipiscing.ca',1);
INSERT INTO Cliente([CODIGOCLIENTE],[RUC],[NOMBRECLIENTE],[Telefono],[Correo],[VENDEDORAsociado]) VALUES(1056,'63187','Montana Sykes','(01219) 862466','consequat.lectus.sit@nectempusmauris.com',2);
INSERT INTO Cliente([CODIGOCLIENTE],[RUC],[NOMBRECLIENTE],[Telefono],[Correo],[VENDEDORAsociado]) VALUES(1057,'49047','Dillon Tyler','(016977) 8708','sed@consectetuer.co.uk',1);
INSERT INTO Cliente([CODIGOCLIENTE],[RUC],[NOMBRECLIENTE],[Telefono],[Correo],[VENDEDORAsociado]) VALUES(1058,'32137','Grant Cruz','0800 1111','ipsum@nisi.co.uk',2);
INSERT INTO Cliente([CODIGOCLIENTE],[RUC],[NOMBRECLIENTE],[Telefono],[Correo],[VENDEDORAsociado]) VALUES(1059,'14896','Bertha Koch','(0114) 379 8554','ridiculus.mus.Aenean@arcuiaculis.edu',1);
INSERT INTO Cliente([CODIGOCLIENTE],[RUC],[NOMBRECLIENTE],[Telefono],[Correo],[VENDEDORAsociado]) VALUES(1060,'86913','Ann Lambert','07624 534283','vitae@dui.co.uk',1);
INSERT INTO Cliente([CODIGOCLIENTE],[RUC],[NOMBRECLIENTE],[Telefono],[Correo],[VENDEDORAsociado]) VALUES(1061,'94790','Declan Torres','0800 1111','lobortis.ultrices@musDonec.org',2);
INSERT INTO Cliente([CODIGOCLIENTE],[RUC],[NOMBRECLIENTE],[Telefono],[Correo],[VENDEDORAsociado]) VALUES(1062,'89008','Hu Meyer','056 8857 4691','libero.Donec.consectetuer@etcommodoat.net',2);
INSERT INTO Cliente([CODIGOCLIENTE],[RUC],[NOMBRECLIENTE],[Telefono],[Correo],[VENDEDORAsociado]) VALUES(1063,'49945','Serina James','0807 386 4942','convallis.ante.lectus@faucibus.ca',2);
INSERT INTO Cliente([CODIGOCLIENTE],[RUC],[NOMBRECLIENTE],[Telefono],[Correo],[VENDEDORAsociado]) VALUES(1064,'68904','Doris Marks','0800 258660','sodales.purus@non.org',2);
INSERT INTO Cliente([CODIGOCLIENTE],[RUC],[NOMBRECLIENTE],[Telefono],[Correo],[VENDEDORAsociado]) VALUES(1065,'92891','Camilla Romero','056 5178 9103','pede@estarcuac.co.uk',2);
INSERT INTO Cliente([CODIGOCLIENTE],[RUC],[NOMBRECLIENTE],[Telefono],[Correo],[VENDEDORAsociado]) VALUES(1066,'05479','Dawn Cash','0800 394 0443','eu.odio@in.com',2);
INSERT INTO Cliente([CODIGOCLIENTE],[RUC],[NOMBRECLIENTE],[Telefono],[Correo],[VENDEDORAsociado]) VALUES(1067,'03711','Burke Alvarado','(0181) 459 2115','lacinia@Proinnislsem.net',1);
INSERT INTO Cliente([CODIGOCLIENTE],[RUC],[NOMBRECLIENTE],[Telefono],[Correo],[VENDEDORAsociado]) VALUES(1068,'30848','Henry England','0354 724 1317','sapien.imperdiet.ornare@nonmagna.co.uk',1);
INSERT INTO Cliente([CODIGOCLIENTE],[RUC],[NOMBRECLIENTE],[Telefono],[Correo],[VENDEDORAsociado]) VALUES(1069,'30415','Bruno Porter','(017235) 42536','Cras.interdum.Nunc@enimconsequat.ca',1);
INSERT INTO Cliente([CODIGOCLIENTE],[RUC],[NOMBRECLIENTE],[Telefono],[Correo],[VENDEDORAsociado]) VALUES(1070,'82367','Elijah Newton','0800 804662','Sed@atlacusQuisque.com',2);
INSERT INTO Cliente([CODIGOCLIENTE],[RUC],[NOMBRECLIENTE],[Telefono],[Correo],[VENDEDORAsociado]) VALUES(1071,'47724','Brynne Lynch','0500 591509','ipsum.dolor@egestas.net',2);
INSERT INTO Cliente([CODIGOCLIENTE],[RUC],[NOMBRECLIENTE],[Telefono],[Correo],[VENDEDORAsociado]) VALUES(1072,'65151','Tanya Lancaster','076 0116 1514','dictum.eu@ac.org',1);
INSERT INTO Cliente([CODIGOCLIENTE],[RUC],[NOMBRECLIENTE],[Telefono],[Correo],[VENDEDORAsociado]) VALUES(1073,'53924','Carla Tanner','056 1029 1956','sapien.Cras@suscipit.co.uk',1);
INSERT INTO Cliente([CODIGOCLIENTE],[RUC],[NOMBRECLIENTE],[Telefono],[Correo],[VENDEDORAsociado]) VALUES(1074,'56875','Arsenio Klein','(0117) 915 2258','lobortis@utquamvel.org',1);
INSERT INTO Cliente([CODIGOCLIENTE],[RUC],[NOMBRECLIENTE],[Telefono],[Correo],[VENDEDORAsociado]) VALUES(1075,'47424','Fletcher Shelton','0845 46 48','dignissim@Etiamgravidamolestie.net',1);
INSERT INTO Cliente([CODIGOCLIENTE],[RUC],[NOMBRECLIENTE],[Telefono],[Correo],[VENDEDORAsociado]) VALUES(1076,'83088','Caldwell Weeks','0800 745 8051','leo@commodoipsumSuspendisse.edu',1);
INSERT INTO Cliente([CODIGOCLIENTE],[RUC],[NOMBRECLIENTE],[Telefono],[Correo],[VENDEDORAsociado]) VALUES(1077,'45697','Hayden Horton','(0121) 404 0980','urna.nec.luctus@parturient.co.uk',2);
INSERT INTO Cliente([CODIGOCLIENTE],[RUC],[NOMBRECLIENTE],[Telefono],[Correo],[VENDEDORAsociado]) VALUES(1078,'46335','Griffin Daniels','076 1478 4606','dis@urna.com',2);
INSERT INTO Cliente([CODIGOCLIENTE],[RUC],[NOMBRECLIENTE],[Telefono],[Correo],[VENDEDORAsociado]) VALUES(1079,'07188','Ethan Strong','0959 287 9745','molestie.tellus.Aenean@ligula.com',2);
INSERT INTO Cliente([CODIGOCLIENTE],[RUC],[NOMBRECLIENTE],[Telefono],[Correo],[VENDEDORAsociado]) VALUES(1080,'74056','Prescott Nicholson','0500 305367','dapibus.gravida@Nullaegetmetus.ca',1);
INSERT INTO Cliente([CODIGOCLIENTE],[RUC],[NOMBRECLIENTE],[Telefono],[Correo],[VENDEDORAsociado]) VALUES(1081,'78713','Myra Frazier','0800 843 7058','habitant.morbi@liberonec.com',2);
INSERT INTO Cliente([CODIGOCLIENTE],[RUC],[NOMBRECLIENTE],[Telefono],[Correo],[VENDEDORAsociado]) VALUES(1082,'45552','Ivor Beck','(024) 2211 9538','Curabitur.sed.tortor@sapien.edu',1);
INSERT INTO Cliente([CODIGOCLIENTE],[RUC],[NOMBRECLIENTE],[Telefono],[Correo],[VENDEDORAsociado]) VALUES(1083,'04143','Alika Hobbs','(016977) 2019','hendrerit.Donec.porttitor@lectusjustoeu.co.uk',2);
INSERT INTO Cliente([CODIGOCLIENTE],[RUC],[NOMBRECLIENTE],[Telefono],[Correo],[VENDEDORAsociado]) VALUES(1084,'89450','Amena Ayala','07062 350589','Curae@elitCurabitur.edu',2);
INSERT INTO Cliente([CODIGOCLIENTE],[RUC],[NOMBRECLIENTE],[Telefono],[Correo],[VENDEDORAsociado]) VALUES(1085,'36955','May Mcguire','0866 002 8420','non@tortornibhsit.co.uk',1);
INSERT INTO Cliente([CODIGOCLIENTE],[RUC],[NOMBRECLIENTE],[Telefono],[Correo],[VENDEDORAsociado]) VALUES(1086,'12302','Ferdinand Perkins','(018259) 71683','auctor@ridiculusmus.com',1);
INSERT INTO Cliente([CODIGOCLIENTE],[RUC],[NOMBRECLIENTE],[Telefono],[Correo],[VENDEDORAsociado]) VALUES(1087,'78344','Haviva Pollard','0800 973001','amet.risus.Donec@Nullaegetmetus.com',1);
INSERT INTO Cliente([CODIGOCLIENTE],[RUC],[NOMBRECLIENTE],[Telefono],[Correo],[VENDEDORAsociado]) VALUES(1088,'55742','Oren Mccormick','0800 1111','sed.sapien.Nunc@utquam.ca',2);
INSERT INTO Cliente([CODIGOCLIENTE],[RUC],[NOMBRECLIENTE],[Telefono],[Correo],[VENDEDORAsociado]) VALUES(1089,'69547','Kalia Hodges','070 8689 9909','adipiscing.non@egestasrhoncus.org',1);
INSERT INTO Cliente([CODIGOCLIENTE],[RUC],[NOMBRECLIENTE],[Telefono],[Correo],[VENDEDORAsociado]) VALUES(1090,'35071','Lucian Murray','07624 297854','lobortis.Class@mifringillami.com',2);
INSERT INTO Cliente([CODIGOCLIENTE],[RUC],[NOMBRECLIENTE],[Telefono],[Correo],[VENDEDORAsociado]) VALUES(1091,'23959','Travis Noble','07624 775839','sodales@nullaDonec.ca',2);
INSERT INTO Cliente([CODIGOCLIENTE],[RUC],[NOMBRECLIENTE],[Telefono],[Correo],[VENDEDORAsociado]) VALUES(1092,'62409','Maxwell Stafford','0800 004262','rutrum.Fusce@Nam.co.uk',2);
INSERT INTO Cliente([CODIGOCLIENTE],[RUC],[NOMBRECLIENTE],[Telefono],[Correo],[VENDEDORAsociado]) VALUES(1093,'84297','Reed Langley','0879 986 1662','sem@facilisis.co.uk',2);
INSERT INTO Cliente([CODIGOCLIENTE],[RUC],[NOMBRECLIENTE],[Telefono],[Correo],[VENDEDORAsociado]) VALUES(1094,'31438','Ulysses Martinez','056 5551 4993','ante.lectus@natoquepenatibus.com',1);
INSERT INTO Cliente([CODIGOCLIENTE],[RUC],[NOMBRECLIENTE],[Telefono],[Correo],[VENDEDORAsociado]) VALUES(1095,'00857','Kamal Fleming','(0114) 616 1334','varius.ultrices.mauris@ipsumsodalespurus.net',2);
INSERT INTO Cliente([CODIGOCLIENTE],[RUC],[NOMBRECLIENTE],[Telefono],[Correo],[VENDEDORAsociado]) VALUES(1096,'97810','Garth Mckay','0800 963495','pede@natoquepenatibus.org',1);
INSERT INTO Cliente([CODIGOCLIENTE],[RUC],[NOMBRECLIENTE],[Telefono],[Correo],[VENDEDORAsociado]) VALUES(1097,'15621','Porter Holt','(025) 8734 2816','nascetur@molestieorcitincidunt.ca',1);
INSERT INTO Cliente([CODIGOCLIENTE],[RUC],[NOMBRECLIENTE],[Telefono],[Correo],[VENDEDORAsociado]) VALUES(1098,'09218','Samuel Farley','(01633) 269584','enim.condimentum@Mauris.ca',1);
INSERT INTO Cliente([CODIGOCLIENTE],[RUC],[NOMBRECLIENTE],[Telefono],[Correo],[VENDEDORAsociado]) VALUES(1099,'71115','Abigail Pitts','0845 46 40','Nullam@ante.edu',2);


------Oportunidad
INSERT INTO OportunidadDeVenta([FechaCreacion],[Objetivo],[MontoPresupuesto],[Estatus],[IdCreador],[IdVendedor],[Origen],[CodigoCliente]) VALUES('18/09/2021','prueba','0',2,4,2,1,1000);
INSERT INTO OportunidadDeVenta([FechaCreacion],[Objetivo],[MontoPresupuesto],[Estatus],[IdCreador],[IdVendedor],[Origen],[CodigoCliente]) VALUES('10/06/2021','prueba','0',3,7,2,3,1001);
INSERT INTO OportunidadDeVenta([FechaCreacion],[Objetivo],[MontoPresupuesto],[Estatus],[IdCreador],[IdVendedor],[Origen],[CodigoCliente]) VALUES('05/02/2020','prueba','0',1,3,2,3,1002);
INSERT INTO OportunidadDeVenta([FechaCreacion],[Objetivo],[MontoPresupuesto],[Estatus],[IdCreador],[IdVendedor],[Origen],[CodigoCliente]) VALUES('15/08/2020','prueba','0',3,6,1,1,1003);
INSERT INTO OportunidadDeVenta([FechaCreacion],[Objetivo],[MontoPresupuesto],[Estatus],[IdCreador],[IdVendedor],[Origen],[CodigoCliente]) VALUES('23/05/2021','prueba','0',3,5,2,3,1004);
INSERT INTO OportunidadDeVenta([FechaCreacion],[Objetivo],[MontoPresupuesto],[Estatus],[IdCreador],[IdVendedor],[Origen],[CodigoCliente]) VALUES('20/02/2020','prueba','0',4,7,2,1,1005);
INSERT INTO OportunidadDeVenta([FechaCreacion],[Objetivo],[MontoPresupuesto],[Estatus],[IdCreador],[IdVendedor],[Origen],[CodigoCliente]) VALUES('11/10/2020','prueba','0',4,2,1,1,1006);
INSERT INTO OportunidadDeVenta([FechaCreacion],[Objetivo],[MontoPresupuesto],[Estatus],[IdCreador],[IdVendedor],[Origen],[CodigoCliente]) VALUES('21/12/2021','prueba','0',1,6,2,1,1007);
INSERT INTO OportunidadDeVenta([FechaCreacion],[Objetivo],[MontoPresupuesto],[Estatus],[IdCreador],[IdVendedor],[Origen],[CodigoCliente]) VALUES('21/12/2021','prueba','0',2,7,2,2,1008);
INSERT INTO OportunidadDeVenta([FechaCreacion],[Objetivo],[MontoPresupuesto],[Estatus],[IdCreador],[IdVendedor],[Origen],[CodigoCliente]) VALUES('04/02/2020','prueba','0',4,6,2,3,1009);
INSERT INTO OportunidadDeVenta([FechaCreacion],[Objetivo],[MontoPresupuesto],[Estatus],[IdCreador],[IdVendedor],[Origen],[CodigoCliente]) VALUES('30/07/2021','prueba','0',4,6,1,1,1010);
INSERT INTO OportunidadDeVenta([FechaCreacion],[Objetivo],[MontoPresupuesto],[Estatus],[IdCreador],[IdVendedor],[Origen],[CodigoCliente]) VALUES('07/04/2020','prueba','0',1,3,1,3,1011);
INSERT INTO OportunidadDeVenta([FechaCreacion],[Objetivo],[MontoPresupuesto],[Estatus],[IdCreador],[IdVendedor],[Origen],[CodigoCliente]) VALUES('03/02/2021','prueba','0',2,6,1,3,1012);
INSERT INTO OportunidadDeVenta([FechaCreacion],[Objetivo],[MontoPresupuesto],[Estatus],[IdCreador],[IdVendedor],[Origen],[CodigoCliente]) VALUES('25/02/2020','prueba','0',1,1,2,3,1013);
INSERT INTO OportunidadDeVenta([FechaCreacion],[Objetivo],[MontoPresupuesto],[Estatus],[IdCreador],[IdVendedor],[Origen],[CodigoCliente]) VALUES('12/10/2021','prueba','0',1,2,2,3,1014);
INSERT INTO OportunidadDeVenta([FechaCreacion],[Objetivo],[MontoPresupuesto],[Estatus],[IdCreador],[IdVendedor],[Origen],[CodigoCliente]) VALUES('06/08/2020','prueba','0',3,4,1,1,1015);
INSERT INTO OportunidadDeVenta([FechaCreacion],[Objetivo],[MontoPresupuesto],[Estatus],[IdCreador],[IdVendedor],[Origen],[CodigoCliente]) VALUES('01/09/2020','prueba','0',3,2,1,3,1016);
INSERT INTO OportunidadDeVenta([FechaCreacion],[Objetivo],[MontoPresupuesto],[Estatus],[IdCreador],[IdVendedor],[Origen],[CodigoCliente]) VALUES('29/08/2021','prueba','0',4,7,2,3,1017);
INSERT INTO OportunidadDeVenta([FechaCreacion],[Objetivo],[MontoPresupuesto],[Estatus],[IdCreador],[IdVendedor],[Origen],[CodigoCliente]) VALUES('18/09/2020','prueba','0',4,2,2,2,1018);
INSERT INTO OportunidadDeVenta([FechaCreacion],[Objetivo],[MontoPresupuesto],[Estatus],[IdCreador],[IdVendedor],[Origen],[CodigoCliente]) VALUES('05/07/2020','prueba','0',3,2,1,2,1019);
INSERT INTO OportunidadDeVenta([FechaCreacion],[Objetivo],[MontoPresupuesto],[Estatus],[IdCreador],[IdVendedor],[Origen],[CodigoCliente]) VALUES('25/12/2021','prueba','0',3,6,1,1,1020);
INSERT INTO OportunidadDeVenta([FechaCreacion],[Objetivo],[MontoPresupuesto],[Estatus],[IdCreador],[IdVendedor],[Origen],[CodigoCliente]) VALUES('04/05/2021','prueba','0',1,1,1,3,1021);
INSERT INTO OportunidadDeVenta([FechaCreacion],[Objetivo],[MontoPresupuesto],[Estatus],[IdCreador],[IdVendedor],[Origen],[CodigoCliente]) VALUES('21/12/2021','prueba','0',3,1,2,3,1022);
INSERT INTO OportunidadDeVenta([FechaCreacion],[Objetivo],[MontoPresupuesto],[Estatus],[IdCreador],[IdVendedor],[Origen],[CodigoCliente]) VALUES('16/12/2020','prueba','0',3,6,1,3,1023);
INSERT INTO OportunidadDeVenta([FechaCreacion],[Objetivo],[MontoPresupuesto],[Estatus],[IdCreador],[IdVendedor],[Origen],[CodigoCliente]) VALUES('30/09/2021','prueba','0',3,4,2,1,1024);
INSERT INTO OportunidadDeVenta([FechaCreacion],[Objetivo],[MontoPresupuesto],[Estatus],[IdCreador],[IdVendedor],[Origen],[CodigoCliente]) VALUES('28/05/2020','prueba','0',2,5,2,1,1025);
INSERT INTO OportunidadDeVenta([FechaCreacion],[Objetivo],[MontoPresupuesto],[Estatus],[IdCreador],[IdVendedor],[Origen],[CodigoCliente]) VALUES('16/10/2021','prueba','0',2,6,1,3,1026);
INSERT INTO OportunidadDeVenta([FechaCreacion],[Objetivo],[MontoPresupuesto],[Estatus],[IdCreador],[IdVendedor],[Origen],[CodigoCliente]) VALUES('27/11/2021','prueba','0',3,5,1,1,1027);
INSERT INTO OportunidadDeVenta([FechaCreacion],[Objetivo],[MontoPresupuesto],[Estatus],[IdCreador],[IdVendedor],[Origen],[CodigoCliente]) VALUES('17/11/2021','prueba','0',2,1,2,1,1028);
INSERT INTO OportunidadDeVenta([FechaCreacion],[Objetivo],[MontoPresupuesto],[Estatus],[IdCreador],[IdVendedor],[Origen],[CodigoCliente]) VALUES('09/02/2020','prueba','0',1,7,2,1,1029);
INSERT INTO OportunidadDeVenta([FechaCreacion],[Objetivo],[MontoPresupuesto],[Estatus],[IdCreador],[IdVendedor],[Origen],[CodigoCliente]) VALUES('03/03/2021','prueba','0',4,5,1,3,1030);
INSERT INTO OportunidadDeVenta([FechaCreacion],[Objetivo],[MontoPresupuesto],[Estatus],[IdCreador],[IdVendedor],[Origen],[CodigoCliente]) VALUES('19/11/2021','prueba','0',3,4,1,1,1031);
INSERT INTO OportunidadDeVenta([FechaCreacion],[Objetivo],[MontoPresupuesto],[Estatus],[IdCreador],[IdVendedor],[Origen],[CodigoCliente]) VALUES('25/09/2021','prueba','0',2,5,2,3,1032);
INSERT INTO OportunidadDeVenta([FechaCreacion],[Objetivo],[MontoPresupuesto],[Estatus],[IdCreador],[IdVendedor],[Origen],[CodigoCliente]) VALUES('08/12/2021','prueba','0',2,2,1,1,1033);
INSERT INTO OportunidadDeVenta([FechaCreacion],[Objetivo],[MontoPresupuesto],[Estatus],[IdCreador],[IdVendedor],[Origen],[CodigoCliente]) VALUES('02/07/2020','prueba','0',4,3,1,1,1034);
INSERT INTO OportunidadDeVenta([FechaCreacion],[Objetivo],[MontoPresupuesto],[Estatus],[IdCreador],[IdVendedor],[Origen],[CodigoCliente]) VALUES('28/10/2020','prueba','0',4,2,2,2,1035);
INSERT INTO OportunidadDeVenta([FechaCreacion],[Objetivo],[MontoPresupuesto],[Estatus],[IdCreador],[IdVendedor],[Origen],[CodigoCliente]) VALUES('21/03/2020','prueba','0',3,4,2,1,1036);
INSERT INTO OportunidadDeVenta([FechaCreacion],[Objetivo],[MontoPresupuesto],[Estatus],[IdCreador],[IdVendedor],[Origen],[CodigoCliente]) VALUES('05/06/2020','prueba','0',1,6,1,1,1037);
INSERT INTO OportunidadDeVenta([FechaCreacion],[Objetivo],[MontoPresupuesto],[Estatus],[IdCreador],[IdVendedor],[Origen],[CodigoCliente]) VALUES('15/09/2020','prueba','0',3,2,1,3,1038);
INSERT INTO OportunidadDeVenta([FechaCreacion],[Objetivo],[MontoPresupuesto],[Estatus],[IdCreador],[IdVendedor],[Origen],[CodigoCliente]) VALUES('11/06/2021','prueba','0',1,1,2,1,1039);
INSERT INTO OportunidadDeVenta([FechaCreacion],[Objetivo],[MontoPresupuesto],[Estatus],[IdCreador],[IdVendedor],[Origen],[CodigoCliente]) VALUES('16/01/2020','prueba','0',3,5,2,2,1040);
INSERT INTO OportunidadDeVenta([FechaCreacion],[Objetivo],[MontoPresupuesto],[Estatus],[IdCreador],[IdVendedor],[Origen],[CodigoCliente]) VALUES('16/07/2020','prueba','0',2,7,2,1,1041);
INSERT INTO OportunidadDeVenta([FechaCreacion],[Objetivo],[MontoPresupuesto],[Estatus],[IdCreador],[IdVendedor],[Origen],[CodigoCliente]) VALUES('28/05/2020','prueba','0',1,2,2,3,1042);
INSERT INTO OportunidadDeVenta([FechaCreacion],[Objetivo],[MontoPresupuesto],[Estatus],[IdCreador],[IdVendedor],[Origen],[CodigoCliente]) VALUES('01/08/2021','prueba','0',3,1,2,2,1043);
INSERT INTO OportunidadDeVenta([FechaCreacion],[Objetivo],[MontoPresupuesto],[Estatus],[IdCreador],[IdVendedor],[Origen],[CodigoCliente]) VALUES('26/09/2020','prueba','0',2,7,2,2,1044);
INSERT INTO OportunidadDeVenta([FechaCreacion],[Objetivo],[MontoPresupuesto],[Estatus],[IdCreador],[IdVendedor],[Origen],[CodigoCliente]) VALUES('03/09/2021','prueba','0',3,7,1,1,1045);
INSERT INTO OportunidadDeVenta([FechaCreacion],[Objetivo],[MontoPresupuesto],[Estatus],[IdCreador],[IdVendedor],[Origen],[CodigoCliente]) VALUES('22/10/2020','prueba','0',2,1,1,2,1046);
INSERT INTO OportunidadDeVenta([FechaCreacion],[Objetivo],[MontoPresupuesto],[Estatus],[IdCreador],[IdVendedor],[Origen],[CodigoCliente]) VALUES('06/11/2021','prueba','0',1,6,1,2,1047);
INSERT INTO OportunidadDeVenta([FechaCreacion],[Objetivo],[MontoPresupuesto],[Estatus],[IdCreador],[IdVendedor],[Origen],[CodigoCliente]) VALUES('24/07/2020','prueba','0',1,5,2,2,1048);
INSERT INTO OportunidadDeVenta([FechaCreacion],[Objetivo],[MontoPresupuesto],[Estatus],[IdCreador],[IdVendedor],[Origen],[CodigoCliente]) VALUES('19/04/2021','prueba','0',2,6,2,1,1049);
INSERT INTO OportunidadDeVenta([FechaCreacion],[Objetivo],[MontoPresupuesto],[Estatus],[IdCreador],[IdVendedor],[Origen],[CodigoCliente]) VALUES('13/06/2021','prueba','0',2,3,2,1,1050);
INSERT INTO OportunidadDeVenta([FechaCreacion],[Objetivo],[MontoPresupuesto],[Estatus],[IdCreador],[IdVendedor],[Origen],[CodigoCliente]) VALUES('11/04/2021','prueba','0',3,1,2,2,1051);
INSERT INTO OportunidadDeVenta([FechaCreacion],[Objetivo],[MontoPresupuesto],[Estatus],[IdCreador],[IdVendedor],[Origen],[CodigoCliente]) VALUES('15/12/2021','prueba','0',3,2,1,1,1052);
INSERT INTO OportunidadDeVenta([FechaCreacion],[Objetivo],[MontoPresupuesto],[Estatus],[IdCreador],[IdVendedor],[Origen],[CodigoCliente]) VALUES('21/05/2021','prueba','0',1,2,2,1,1053);
INSERT INTO OportunidadDeVenta([FechaCreacion],[Objetivo],[MontoPresupuesto],[Estatus],[IdCreador],[IdVendedor],[Origen],[CodigoCliente]) VALUES('08/08/2020','prueba','0',2,1,2,2,1054);
INSERT INTO OportunidadDeVenta([FechaCreacion],[Objetivo],[MontoPresupuesto],[Estatus],[IdCreador],[IdVendedor],[Origen],[CodigoCliente]) VALUES('18/03/2021','prueba','0',3,4,2,1,1055);
INSERT INTO OportunidadDeVenta([FechaCreacion],[Objetivo],[MontoPresupuesto],[Estatus],[IdCreador],[IdVendedor],[Origen],[CodigoCliente]) VALUES('08/09/2020','prueba','0',2,3,2,3,1056);
INSERT INTO OportunidadDeVenta([FechaCreacion],[Objetivo],[MontoPresupuesto],[Estatus],[IdCreador],[IdVendedor],[Origen],[CodigoCliente]) VALUES('15/03/2020','prueba','0',3,1,2,1,1057);
INSERT INTO OportunidadDeVenta([FechaCreacion],[Objetivo],[MontoPresupuesto],[Estatus],[IdCreador],[IdVendedor],[Origen],[CodigoCliente]) VALUES('02/03/2021','prueba','0',2,2,1,3,1058);
INSERT INTO OportunidadDeVenta([FechaCreacion],[Objetivo],[MontoPresupuesto],[Estatus],[IdCreador],[IdVendedor],[Origen],[CodigoCliente]) VALUES('12/01/2022','prueba','0',2,6,2,2,1059);
INSERT INTO OportunidadDeVenta([FechaCreacion],[Objetivo],[MontoPresupuesto],[Estatus],[IdCreador],[IdVendedor],[Origen],[CodigoCliente]) VALUES('22/01/2022','prueba','0',3,1,2,1,1060);
INSERT INTO OportunidadDeVenta([FechaCreacion],[Objetivo],[MontoPresupuesto],[Estatus],[IdCreador],[IdVendedor],[Origen],[CodigoCliente]) VALUES('08/10/2020','prueba','0',4,6,1,2,1061);
INSERT INTO OportunidadDeVenta([FechaCreacion],[Objetivo],[MontoPresupuesto],[Estatus],[IdCreador],[IdVendedor],[Origen],[CodigoCliente]) VALUES('18/11/2020','prueba','0',2,5,1,1,1062);
INSERT INTO OportunidadDeVenta([FechaCreacion],[Objetivo],[MontoPresupuesto],[Estatus],[IdCreador],[IdVendedor],[Origen],[CodigoCliente]) VALUES('04/06/2020','prueba','0',2,1,2,3,1063);
INSERT INTO OportunidadDeVenta([FechaCreacion],[Objetivo],[MontoPresupuesto],[Estatus],[IdCreador],[IdVendedor],[Origen],[CodigoCliente]) VALUES('08/07/2020','prueba','0',1,3,1,3,1064);
INSERT INTO OportunidadDeVenta([FechaCreacion],[Objetivo],[MontoPresupuesto],[Estatus],[IdCreador],[IdVendedor],[Origen],[CodigoCliente]) VALUES('30/11/2020','prueba','0',3,3,2,2,1065);
INSERT INTO OportunidadDeVenta([FechaCreacion],[Objetivo],[MontoPresupuesto],[Estatus],[IdCreador],[IdVendedor],[Origen],[CodigoCliente]) VALUES('03/09/2020','prueba','0',3,6,2,2,1066);
INSERT INTO OportunidadDeVenta([FechaCreacion],[Objetivo],[MontoPresupuesto],[Estatus],[IdCreador],[IdVendedor],[Origen],[CodigoCliente]) VALUES('08/08/2020','prueba','0',3,6,1,2,1067);
INSERT INTO OportunidadDeVenta([FechaCreacion],[Objetivo],[MontoPresupuesto],[Estatus],[IdCreador],[IdVendedor],[Origen],[CodigoCliente]) VALUES('03/01/2020','prueba','0',2,4,2,3,1068);
INSERT INTO OportunidadDeVenta([FechaCreacion],[Objetivo],[MontoPresupuesto],[Estatus],[IdCreador],[IdVendedor],[Origen],[CodigoCliente]) VALUES('10/05/2020','prueba','0',2,7,1,3,1069);
INSERT INTO OportunidadDeVenta([FechaCreacion],[Objetivo],[MontoPresupuesto],[Estatus],[IdCreador],[IdVendedor],[Origen],[CodigoCliente]) VALUES('28/09/2021','prueba','0',4,7,2,1,1070);
INSERT INTO OportunidadDeVenta([FechaCreacion],[Objetivo],[MontoPresupuesto],[Estatus],[IdCreador],[IdVendedor],[Origen],[CodigoCliente]) VALUES('08/01/2022','prueba','0',1,6,1,2,1071);
INSERT INTO OportunidadDeVenta([FechaCreacion],[Objetivo],[MontoPresupuesto],[Estatus],[IdCreador],[IdVendedor],[Origen],[CodigoCliente]) VALUES('23/05/2020','prueba','0',3,2,2,1,1072);
INSERT INTO OportunidadDeVenta([FechaCreacion],[Objetivo],[MontoPresupuesto],[Estatus],[IdCreador],[IdVendedor],[Origen],[CodigoCliente]) VALUES('23/12/2021','prueba','0',3,1,2,3,1073);
INSERT INTO OportunidadDeVenta([FechaCreacion],[Objetivo],[MontoPresupuesto],[Estatus],[IdCreador],[IdVendedor],[Origen],[CodigoCliente]) VALUES('05/01/2022','prueba','0',1,1,1,2,1074);
INSERT INTO OportunidadDeVenta([FechaCreacion],[Objetivo],[MontoPresupuesto],[Estatus],[IdCreador],[IdVendedor],[Origen],[CodigoCliente]) VALUES('08/10/2020','prueba','0',1,2,1,2,1075);
INSERT INTO OportunidadDeVenta([FechaCreacion],[Objetivo],[MontoPresupuesto],[Estatus],[IdCreador],[IdVendedor],[Origen],[CodigoCliente]) VALUES('27/07/2021','prueba','0',3,4,1,3,1076);
INSERT INTO OportunidadDeVenta([FechaCreacion],[Objetivo],[MontoPresupuesto],[Estatus],[IdCreador],[IdVendedor],[Origen],[CodigoCliente]) VALUES('05/02/2021','prueba','0',2,6,1,3,1077);
INSERT INTO OportunidadDeVenta([FechaCreacion],[Objetivo],[MontoPresupuesto],[Estatus],[IdCreador],[IdVendedor],[Origen],[CodigoCliente]) VALUES('04/11/2021','prueba','0',1,4,1,2,1078);
INSERT INTO OportunidadDeVenta([FechaCreacion],[Objetivo],[MontoPresupuesto],[Estatus],[IdCreador],[IdVendedor],[Origen],[CodigoCliente]) VALUES('01/06/2021','prueba','0',4,4,1,3,1079);
INSERT INTO OportunidadDeVenta([FechaCreacion],[Objetivo],[MontoPresupuesto],[Estatus],[IdCreador],[IdVendedor],[Origen],[CodigoCliente]) VALUES('31/03/2021','prueba','0',1,4,2,2,1080);
INSERT INTO OportunidadDeVenta([FechaCreacion],[Objetivo],[MontoPresupuesto],[Estatus],[IdCreador],[IdVendedor],[Origen],[CodigoCliente]) VALUES('01/06/2021','prueba','0',4,7,2,2,1081);
INSERT INTO OportunidadDeVenta([FechaCreacion],[Objetivo],[MontoPresupuesto],[Estatus],[IdCreador],[IdVendedor],[Origen],[CodigoCliente]) VALUES('27/05/2021','prueba','0',1,1,1,1,1082);
INSERT INTO OportunidadDeVenta([FechaCreacion],[Objetivo],[MontoPresupuesto],[Estatus],[IdCreador],[IdVendedor],[Origen],[CodigoCliente]) VALUES('03/01/2020','prueba','0',4,2,2,1,1083);
INSERT INTO OportunidadDeVenta([FechaCreacion],[Objetivo],[MontoPresupuesto],[Estatus],[IdCreador],[IdVendedor],[Origen],[CodigoCliente]) VALUES('06/03/2020','prueba','0',4,5,2,3,1084);
INSERT INTO OportunidadDeVenta([FechaCreacion],[Objetivo],[MontoPresupuesto],[Estatus],[IdCreador],[IdVendedor],[Origen],[CodigoCliente]) VALUES('26/07/2021','prueba','0',2,2,1,1,1085);
INSERT INTO OportunidadDeVenta([FechaCreacion],[Objetivo],[MontoPresupuesto],[Estatus],[IdCreador],[IdVendedor],[Origen],[CodigoCliente]) VALUES('04/11/2020','prueba','0',4,1,1,2,1086);
INSERT INTO OportunidadDeVenta([FechaCreacion],[Objetivo],[MontoPresupuesto],[Estatus],[IdCreador],[IdVendedor],[Origen],[CodigoCliente]) VALUES('04/12/2021','prueba','0',3,5,1,2,1087);
INSERT INTO OportunidadDeVenta([FechaCreacion],[Objetivo],[MontoPresupuesto],[Estatus],[IdCreador],[IdVendedor],[Origen],[CodigoCliente]) VALUES('23/11/2021','prueba','0',1,1,2,1,1088);
INSERT INTO OportunidadDeVenta([FechaCreacion],[Objetivo],[MontoPresupuesto],[Estatus],[IdCreador],[IdVendedor],[Origen],[CodigoCliente]) VALUES('02/01/2020','prueba','0',4,5,2,2,1089);
INSERT INTO OportunidadDeVenta([FechaCreacion],[Objetivo],[MontoPresupuesto],[Estatus],[IdCreador],[IdVendedor],[Origen],[CodigoCliente]) VALUES('19/03/2020','prueba','0',2,2,1,2,1090);
INSERT INTO OportunidadDeVenta([FechaCreacion],[Objetivo],[MontoPresupuesto],[Estatus],[IdCreador],[IdVendedor],[Origen],[CodigoCliente]) VALUES('31/03/2021','prueba','0',3,5,1,2,1091);
INSERT INTO OportunidadDeVenta([FechaCreacion],[Objetivo],[MontoPresupuesto],[Estatus],[IdCreador],[IdVendedor],[Origen],[CodigoCliente]) VALUES('28/11/2020','prueba','0',4,5,2,2,1092);
INSERT INTO OportunidadDeVenta([FechaCreacion],[Objetivo],[MontoPresupuesto],[Estatus],[IdCreador],[IdVendedor],[Origen],[CodigoCliente]) VALUES('28/04/2021','prueba','0',2,3,2,2,1093);
INSERT INTO OportunidadDeVenta([FechaCreacion],[Objetivo],[MontoPresupuesto],[Estatus],[IdCreador],[IdVendedor],[Origen],[CodigoCliente]) VALUES('21/06/2020','prueba','0',1,7,2,3,1094);
INSERT INTO OportunidadDeVenta([FechaCreacion],[Objetivo],[MontoPresupuesto],[Estatus],[IdCreador],[IdVendedor],[Origen],[CodigoCliente]) VALUES('16/02/2020','prueba','0',3,4,1,2,1095);
INSERT INTO OportunidadDeVenta([FechaCreacion],[Objetivo],[MontoPresupuesto],[Estatus],[IdCreador],[IdVendedor],[Origen],[CodigoCliente]) VALUES('24/04/2020','prueba','0',2,4,1,2,1096);
INSERT INTO OportunidadDeVenta([FechaCreacion],[Objetivo],[MontoPresupuesto],[Estatus],[IdCreador],[IdVendedor],[Origen],[CodigoCliente]) VALUES('18/06/2021','prueba','0',2,7,2,1,1097);
INSERT INTO OportunidadDeVenta([FechaCreacion],[Objetivo],[MontoPresupuesto],[Estatus],[IdCreador],[IdVendedor],[Origen],[CodigoCliente]) VALUES('20/01/2020','prueba','0',3,2,1,1,1098);
INSERT INTO OportunidadDeVenta([FechaCreacion],[Objetivo],[MontoPresupuesto],[Estatus],[IdCreador],[IdVendedor],[Origen],[CodigoCliente]) VALUES('26/03/2021','prueba','0',1,3,1,3,1099);



INSERT INTO ProductoOportunidad([NroOportunidad],[ProductoId]) VALUES(2,7);
INSERT INTO ProductoOportunidad([NroOportunidad],[ProductoId]) VALUES(3,1);
INSERT INTO ProductoOportunidad([NroOportunidad],[ProductoId]) VALUES(4,5);
INSERT INTO ProductoOportunidad([NroOportunidad],[ProductoId]) VALUES(5,5);
INSERT INTO ProductoOportunidad([NroOportunidad],[ProductoId]) VALUES(6,3);
INSERT INTO ProductoOportunidad([NroOportunidad],[ProductoId]) VALUES(7,3);
INSERT INTO ProductoOportunidad([NroOportunidad],[ProductoId]) VALUES(8,5);
INSERT INTO ProductoOportunidad([NroOportunidad],[ProductoId]) VALUES(9,2);
INSERT INTO ProductoOportunidad([NroOportunidad],[ProductoId]) VALUES(10,4);
INSERT INTO ProductoOportunidad([NroOportunidad],[ProductoId]) VALUES(11,4);
INSERT INTO ProductoOportunidad([NroOportunidad],[ProductoId]) VALUES(12,7);
INSERT INTO ProductoOportunidad([NroOportunidad],[ProductoId]) VALUES(13,2);
INSERT INTO ProductoOportunidad([NroOportunidad],[ProductoId]) VALUES(14,4);
INSERT INTO ProductoOportunidad([NroOportunidad],[ProductoId]) VALUES(15,1);
INSERT INTO ProductoOportunidad([NroOportunidad],[ProductoId]) VALUES(16,2);
INSERT INTO ProductoOportunidad([NroOportunidad],[ProductoId]) VALUES(17,2);
INSERT INTO ProductoOportunidad([NroOportunidad],[ProductoId]) VALUES(18,3);
INSERT INTO ProductoOportunidad([NroOportunidad],[ProductoId]) VALUES(19,7);
INSERT INTO ProductoOportunidad([NroOportunidad],[ProductoId]) VALUES(20,2);
INSERT INTO ProductoOportunidad([NroOportunidad],[ProductoId]) VALUES(21,2);
INSERT INTO ProductoOportunidad([NroOportunidad],[ProductoId]) VALUES(22,1);
INSERT INTO ProductoOportunidad([NroOportunidad],[ProductoId]) VALUES(23,2);
INSERT INTO ProductoOportunidad([NroOportunidad],[ProductoId]) VALUES(24,2);
INSERT INTO ProductoOportunidad([NroOportunidad],[ProductoId]) VALUES(25,7);
INSERT INTO ProductoOportunidad([NroOportunidad],[ProductoId]) VALUES(26,6);
INSERT INTO ProductoOportunidad([NroOportunidad],[ProductoId]) VALUES(27,1);
INSERT INTO ProductoOportunidad([NroOportunidad],[ProductoId]) VALUES(28,4);
INSERT INTO ProductoOportunidad([NroOportunidad],[ProductoId]) VALUES(29,3);
INSERT INTO ProductoOportunidad([NroOportunidad],[ProductoId]) VALUES(30,3);
INSERT INTO ProductoOportunidad([NroOportunidad],[ProductoId]) VALUES(31,3);
INSERT INTO ProductoOportunidad([NroOportunidad],[ProductoId]) VALUES(32,2);
INSERT INTO ProductoOportunidad([NroOportunidad],[ProductoId]) VALUES(33,1);
INSERT INTO ProductoOportunidad([NroOportunidad],[ProductoId]) VALUES(34,7);
INSERT INTO ProductoOportunidad([NroOportunidad],[ProductoId]) VALUES(35,6);
INSERT INTO ProductoOportunidad([NroOportunidad],[ProductoId]) VALUES(36,7);
INSERT INTO ProductoOportunidad([NroOportunidad],[ProductoId]) VALUES(37,2);
INSERT INTO ProductoOportunidad([NroOportunidad],[ProductoId]) VALUES(38,2);
INSERT INTO ProductoOportunidad([NroOportunidad],[ProductoId]) VALUES(39,2);
INSERT INTO ProductoOportunidad([NroOportunidad],[ProductoId]) VALUES(40,3);
INSERT INTO ProductoOportunidad([NroOportunidad],[ProductoId]) VALUES(41,3);
INSERT INTO ProductoOportunidad([NroOportunidad],[ProductoId]) VALUES(42,3);
INSERT INTO ProductoOportunidad([NroOportunidad],[ProductoId]) VALUES(43,7);
INSERT INTO ProductoOportunidad([NroOportunidad],[ProductoId]) VALUES(44,6);
INSERT INTO ProductoOportunidad([NroOportunidad],[ProductoId]) VALUES(45,4);
INSERT INTO ProductoOportunidad([NroOportunidad],[ProductoId]) VALUES(46,1);
INSERT INTO ProductoOportunidad([NroOportunidad],[ProductoId]) VALUES(47,7);
INSERT INTO ProductoOportunidad([NroOportunidad],[ProductoId]) VALUES(48,1);
INSERT INTO ProductoOportunidad([NroOportunidad],[ProductoId]) VALUES(49,4);
INSERT INTO ProductoOportunidad([NroOportunidad],[ProductoId]) VALUES(50,5);
INSERT INTO ProductoOportunidad([NroOportunidad],[ProductoId]) VALUES(51,3);
INSERT INTO ProductoOportunidad([NroOportunidad],[ProductoId]) VALUES(52,7);
INSERT INTO ProductoOportunidad([NroOportunidad],[ProductoId]) VALUES(53,4);
INSERT INTO ProductoOportunidad([NroOportunidad],[ProductoId]) VALUES(54,4);
INSERT INTO ProductoOportunidad([NroOportunidad],[ProductoId]) VALUES(55,5);
INSERT INTO ProductoOportunidad([NroOportunidad],[ProductoId]) VALUES(56,2);
INSERT INTO ProductoOportunidad([NroOportunidad],[ProductoId]) VALUES(57,1);
INSERT INTO ProductoOportunidad([NroOportunidad],[ProductoId]) VALUES(58,1);
INSERT INTO ProductoOportunidad([NroOportunidad],[ProductoId]) VALUES(59,5);
INSERT INTO ProductoOportunidad([NroOportunidad],[ProductoId]) VALUES(60,2);
INSERT INTO ProductoOportunidad([NroOportunidad],[ProductoId]) VALUES(61,4);
INSERT INTO ProductoOportunidad([NroOportunidad],[ProductoId]) VALUES(62,4);
INSERT INTO ProductoOportunidad([NroOportunidad],[ProductoId]) VALUES(63,3);
INSERT INTO ProductoOportunidad([NroOportunidad],[ProductoId]) VALUES(64,1);
INSERT INTO ProductoOportunidad([NroOportunidad],[ProductoId]) VALUES(65,5);
INSERT INTO ProductoOportunidad([NroOportunidad],[ProductoId]) VALUES(66,4);
INSERT INTO ProductoOportunidad([NroOportunidad],[ProductoId]) VALUES(67,1);
INSERT INTO ProductoOportunidad([NroOportunidad],[ProductoId]) VALUES(68,5);
INSERT INTO ProductoOportunidad([NroOportunidad],[ProductoId]) VALUES(69,6);
INSERT INTO ProductoOportunidad([NroOportunidad],[ProductoId]) VALUES(70,2);
INSERT INTO ProductoOportunidad([NroOportunidad],[ProductoId]) VALUES(71,4);
INSERT INTO ProductoOportunidad([NroOportunidad],[ProductoId]) VALUES(72,6);
INSERT INTO ProductoOportunidad([NroOportunidad],[ProductoId]) VALUES(73,4);
INSERT INTO ProductoOportunidad([NroOportunidad],[ProductoId]) VALUES(74,2);
INSERT INTO ProductoOportunidad([NroOportunidad],[ProductoId]) VALUES(75,4);
INSERT INTO ProductoOportunidad([NroOportunidad],[ProductoId]) VALUES(76,7);
INSERT INTO ProductoOportunidad([NroOportunidad],[ProductoId]) VALUES(77,4);
INSERT INTO ProductoOportunidad([NroOportunidad],[ProductoId]) VALUES(78,4);
INSERT INTO ProductoOportunidad([NroOportunidad],[ProductoId]) VALUES(79,3);
INSERT INTO ProductoOportunidad([NroOportunidad],[ProductoId]) VALUES(80,5);
INSERT INTO ProductoOportunidad([NroOportunidad],[ProductoId]) VALUES(81,1);
INSERT INTO ProductoOportunidad([NroOportunidad],[ProductoId]) VALUES(82,7);
INSERT INTO ProductoOportunidad([NroOportunidad],[ProductoId]) VALUES(83,5);
INSERT INTO ProductoOportunidad([NroOportunidad],[ProductoId]) VALUES(84,5);
INSERT INTO ProductoOportunidad([NroOportunidad],[ProductoId]) VALUES(85,5);
INSERT INTO ProductoOportunidad([NroOportunidad],[ProductoId]) VALUES(86,1);
INSERT INTO ProductoOportunidad([NroOportunidad],[ProductoId]) VALUES(87,3);
INSERT INTO ProductoOportunidad([NroOportunidad],[ProductoId]) VALUES(88,7);
INSERT INTO ProductoOportunidad([NroOportunidad],[ProductoId]) VALUES(89,6);
INSERT INTO ProductoOportunidad([NroOportunidad],[ProductoId]) VALUES(90,1);
INSERT INTO ProductoOportunidad([NroOportunidad],[ProductoId]) VALUES(91,4);
INSERT INTO ProductoOportunidad([NroOportunidad],[ProductoId]) VALUES(92,4);
INSERT INTO ProductoOportunidad([NroOportunidad],[ProductoId]) VALUES(93,5);
INSERT INTO ProductoOportunidad([NroOportunidad],[ProductoId]) VALUES(94,6);
INSERT INTO ProductoOportunidad([NroOportunidad],[ProductoId]) VALUES(95,2);
INSERT INTO ProductoOportunidad([NroOportunidad],[ProductoId]) VALUES(96,6);
INSERT INTO ProductoOportunidad([NroOportunidad],[ProductoId]) VALUES(97,7);
INSERT INTO ProductoOportunidad([NroOportunidad],[ProductoId]) VALUES(98,5);
INSERT INTO ProductoOportunidad([NroOportunidad],[ProductoId]) VALUES(99,4);
INSERT INTO ProductoOportunidad([NroOportunidad],[ProductoId]) VALUES(100,3);
INSERT INTO ProductoOportunidad([NroOportunidad],[ProductoId]) VALUES(101,2);


